{"cameraMode":{"drawMode":0,"name":"Shaded","section":"Shading Mode"},"sceneLighting":true,"audioPlay":false,"sceneViewState":{"m_AlwaysRefresh":false,"showFog":true,"showSkybox":true,"showFlares":true,"showImageEffects":true,"showParticleSystems":true,"showVisualEffectGraphs":true,"m_FxEnabled":true},"in2DMode":false,"pivot":{"x":-3.240880012512207,"y":0.8494934439659119,"z":-20.16607666015625},"rotation":{"x":-0.004497170448303223,"y":-0.030588198453187944,"z":0.0001388359087286517,"w":-0.9995279908180237},"size":5.7685065269470219,"orthographic":true}