{"cameraMode":{"drawMode":0,"name":"Shaded","section":"Shading Mode"},"sceneLighting":true,"audioPlay":false,"sceneViewState":{"m_AlwaysRefresh":false,"showFog":true,"showSkybox":true,"showFlares":true,"showImageEffects":true,"showParticleSystems":true,"showVisualEffectGraphs":true,"m_FxEnabled":true},"in2DMode":false,"pivot":{"x":66.98790740966797,"y":26.8819637298584,"z":86.92938995361328},"rotation":{"x":0.15832124650478364,"y":0.010961729101836682,"z":-0.0017577242106199265,"w":0.9873259663581848},"size":33.41423797607422,"orthographic":false}